vorlage_id,Datum,Kurztitel,Rechtsform,Politikbereich,Departement,Bundesrat,Parlament,Nationalrat,Ständerat
193,1960-05-29,Weiterführung befristeter Preiskontrollmassnahmen,Obligatorisches Referendum,Wirtschaft,WBF,N/A,Befürwortend,Befürwortend,Befürwortend
194,1960-12-04,Massnahmen für die Milchwirtschaft,Fakultatives Referendum,Landwirtschaft,WBF,Befürwortend,Befürwortend,Befürwortend,Befürwortend
195,1961-03-05,Artikel betreffend Leitungsanlagen für Treibstoffe,Obligatorisches Referendum,Energie,UVEK,N/A,Befürwortend,Befürwortend,Befürwortend
196,1961-03-05,Treibstoffzoll zur Finanzierung der Nationalstrassen,Fakultatives Referendum,Öffentliche Finanzen,EDI,Befürwortend,Befürwortend,Befürwortend,Befürwortend
197,1961-10-22,Volksinitiative zur Einführung der Gesetzesinitiative,Volksinitiative,Staatsordnung,EJPD,Ablehnend,Ablehnend,Ablehnend,Ablehnend
198,1961-12-03,Uhrenstatut,Fakultatives Referendum,Wirtschaft,WBF,Befürwortend,Befürwortend,Befürwortend,Befürwortend
199,1962-04-01,Initiative «für ein Verbot der Atomwaffen»,Volksinitiative,Sicherheitspolitik,EDA,Ablehnend,Ablehnend,Ablehnend,Ablehnend
200,1962-05-27,Natur- und Heimatschutz-Artikel,Obligatorisches Referendum,Umwelt und Lebensraum,EDI,N/A,Befürwortend,Befürwortend,Befürwortend
201,1962-05-27,Gesetz über die Taggelder des Nationalrates,Fakultatives Referendum,Staatsordnung,EFD,Befürwortend,Befürwortend,Befürwortend,Befürwortend
202,1962-11-04,Festsetzung der Mitgliederzahl des Nationalrates,Obligatorisches Referendum,Staatsordnung,EJPD,N/A,Befürwortend,Befürwortend,Befürwortend
203,1963-05-26,Initiative für ein Referendum gegen Atomwaffen,Volksinitiative,Sicherheitspolitik,EJPD,Ablehnend,Ablehnend,Ablehnend,Ablehnend
204,1963-12-08,Weiterführung der Finanzordnung ,Obligatorisches Referendum,Öffentliche Finanzen,EFD,N/A,Befürwortend,Befürwortend,Befürwortend
205,1963-12-08,Artikel über Stipendien und Ausbildungsbeihilfen,Obligatorisches Referendum,Bildung und Forschung,EDI,N/A,Befürwortend,Befürwortend,Befürwortend
206,1964-02-02,Erlass einer allgemeinen Steueramnestie,Obligatorisches Referendum,Öffentliche Finanzen,EFD,N/A,Befürwortend,Befürwortend,Befürwortend
207,1964-05-24,Berufsbildungsgesetz,Fakultatives Referendum,Bildung und Forschung,WBF,Befürwortend,Befürwortend,Befürwortend,Befürwortend
208,1964-12-06,Weiterführung befristeter Preiskontrollmassnahmen,Obligatorisches Referendum,Wirtschaft,WBF,N/A,Befürwortend,Befürwortend,Befürwortend
209,1965-02-28,Bekämpfung der Teuerung durch Massnahmen im Kreditwesen,Obligatorisches Referendum,Wirtschaft,WBF,N/A,Befürwortend,Befürwortend,Befürwortend
210,1965-02-28,Bekämpfung der Teuerung durch Massnahmen in der Bauwirtschaft,Obligatorisches Referendum,Wirtschaft,WBF,N/A,Befürwortend,Befürwortend,Befürwortend
211,1965-05-16,Milchbeschluss,Fakultatives Referendum,Landwirtschaft,WBF,Befürwortend,Befürwortend,Befürwortend,Befürwortend
212,1966-10-16,Auslandschweizer-Artikel,Obligatorisches Referendum,Aussenpolitik,EDA,N/A,Befürwortend,Befürwortend,Befürwortend
213,1966-10-16,Initiative «zur Bekämpfung des Alkoholismus»,Volksinitiative,Sozialpolitik,EFD,Ablehnend,Ablehnend,Ablehnend,Ablehnend
214,1967-07-02,Initiative «gegen die Bodenspekulation»,Volksinitiative,Umwelt und Lebensraum,EJPD,Ablehnend,Ablehnend,Ablehnend,Ablehnend
215,1968-02-18,Erlass einer allgemeinen Steueramnestie,Obligatorisches Referendum,Öffentliche Finanzen,EFD,N/A,Befürwortend,Befürwortend,Befürwortend
216,1968-05-19,Gesetz über die Tabakbesteuerung,Fakultatives Referendum,Öffentliche Finanzen,EFD,Befürwortend,Befürwortend,Befürwortend,Befürwortend
217,1969-06-01,Gesetz über die Eidgenössischen Technischen Hochschulen,Fakultatives Referendum,Bildung und Forschung,EDI,Befürwortend,Befürwortend,Befürwortend,Befürwortend
218,1969-09-14,Verfassungsrechtliche Ordnung des Bodenrechts,Obligatorisches Referendum,Umwelt und Lebensraum,EJPD,N/A,Befürwortend,Befürwortend,Befürwortend
219,1970-02-01,Bundesbeschluss über die inländische Zuckerwirtschaft,Fakultatives Referendum,Landwirtschaft,WBF,Befürwortend,Befürwortend,Befürwortend,Befürwortend
220,1970-06-07,Initiative «Gegen die Überfremdung»,Volksinitiative,Sozialpolitik,EJPD,Ablehnend,Ablehnend,Ablehnend,Ablehnend
221,1970-09-27,Verfassungsartikel zur Förderung von Turnen und Sport,Obligatorisches Referendum,Bildung und Forschung,VBS,N/A,Befürwortend,Befürwortend,Befürwortend
222,1970-09-27,Initiative «Recht auf Wohnung und Ausbau des Familienschutzes»,Volksinitiative,Umwelt und Lebensraum,WBF,Ablehnend,Ablehnend,Ablehnend,Ablehnend
223,1970-11-15,Änderung der Finanzordnung,Obligatorisches Referendum,Öffentliche Finanzen,EFD,N/A,Befürwortend,Befürwortend,Befürwortend
224,1971-02-07,Einführung des Frauenstimmrechts,Obligatorisches Referendum,Staatsordnung,EJPD,N/A,Befürwortend,Befürwortend,Befürwortend
225,1971-06-06,Umweltschutzartikel,Obligatorisches Referendum,Umwelt und Lebensraum,EDI,Befürwortend,Befürwortend,Befürwortend,Befürwortend
226,1971-06-06,Weiterführung der Finanzordnung,Obligatorisches Referendum,Öffentliche Finanzen,EFD,N/A,Befürwortend,Befürwortend,Befürwortend
227,1972-03-05,Initiative «zur Förderung des Wohnungsbaues»,Volksinitiative,Umwelt und Lebensraum,WBF,Ablehnend,Ablehnend,Ablehnend,Ablehnend
227,1972-03-05,Gegenentwurf zur Wohnungsbau-Initiative,Direkter Gegenentwurf,Umwelt und Lebensraum,WBF,N/A,Befürwortend,Befürwortend,Befürwortend
228,1972-03-05,Verfassungsartikel über den Mieterschutz und die Allgemeinverbindlicherklärung von Mietverträgen,Obligatorisches Referendum,Umwelt und Lebensraum,WBF,N/A,Befürwortend,Befürwortend,Befürwortend
229,1972-06-04,Massnahmen zur Stabilisierung des Baumarktes,Obligatorisches Referendum,Wirtschaft,WBF,N/A,Befürwortend,Befürwortend,Befürwortend
230,1972-06-04,Bundesbeschluss über den Schutz der Währung,Obligatorisches Referendum,Wirtschaft,EFD,N/A,Befürwortend,Befürwortend,Befürwortend
231,1972-09-24,Initiative für ein Waffenausfuhrverbot,Volksinitiative,Sicherheitspolitik,VBS,Ablehnend,Ablehnend,Ablehnend,Ablehnend
232,1972-12-03,Initiative zur Einführung einer Volkspension,Volksinitiative,Sozialpolitik,EDI,Ablehnend,Ablehnend,Ablehnend,Ablehnend
232,1972-12-03,Gegenentwurf zur Initiative zur Einführung einer Volkspension,Direkter Gegenentwurf,Sozialpolitik,EDI,N/A,Befürwortend,Befürwortend,Befürwortend
233,1972-12-03,Abkommen mit der EWG,Obligatorisches Referendum,Aussenpolitik,WBF,N/A,Befürwortend,Befürwortend,Befürwortend
234,1973-03-04,Bildungsartikel,Obligatorisches Referendum,Bildung und Forschung,EDI,N/A,Befürwortend,Befürwortend,Befürwortend
235,1973-03-04,Verfassungsartikel zur wissenschaftlichen Forschung,Obligatorisches Referendum,Bildung und Forschung,EDI,N/A,Befürwortend,Befürwortend,Befürwortend
236,1973-05-20,Aufhebung des Jesuiten- und des Klosterartikels,Obligatorisches Referendum,"Kultur, Religion, Medien",EDI,N/A,Befürwortend,Befürwortend,Befürwortend
237,1973-12-02,Massnahmen zur Preisüberwachung,Obligatorisches Referendum,Wirtschaft,EFD,N/A,Befürwortend,Befürwortend,Befürwortend
238,1973-12-02,Massnahmen auf dem Gebiet des Kreditwesens,Obligatorisches Referendum,Wirtschaft,EFD,N/A,Befürwortend,Befürwortend,Befürwortend
239,1973-12-02,Massnahmen zur Stabilisierung des Baumarktes,Obligatorisches Referendum,Wirtschaft,EFD,N/A,Befürwortend,Befürwortend,Befürwortend
240,1973-12-02,Einschränkung der steuerwirksamen Abschreibungen,Obligatorisches Referendum,Öffentliche Finanzen,EFD,N/A,Befürwortend,Befürwortend,Befürwortend
241,1973-12-02,Tierschutzartikel ,Obligatorisches Referendum,Umwelt und Lebensraum,WBF,Befürwortend,Befürwortend,Befürwortend,Befürwortend
242,1974-10-20,Initiative «Gegen die Überfremdung»,Volksinitiative,Sozialpolitik,EJPD,Ablehnend,Ablehnend,Ablehnend,Ablehnend
243,1974-12-08,Verbesserung des Bundeshaushalts,Obligatorisches Referendum,Öffentliche Finanzen,EFD,N/A,Befürwortend,Befürwortend,Befürwortend
244,1974-12-08,Erschwerung von Ausgabenbeschlüssen,Obligatorisches Referendum,Öffentliche Finanzen,EFD,N/A,Befürwortend,Befürwortend,Befürwortend
245,1974-12-08,Initiative «für eine soziale Krankenversicherung»,Volksinitiative,Sozialpolitik,EDI,Ablehnend,Ablehnend,Ablehnend,Ablehnend
245,1974-12-08,Bundesbeschluss über die soziale Krankenversicherung (Gegenentwurf),Direkter Gegenentwurf,Sozialpolitik,EDI,N/A,Befürwortend,Befürwortend,Befürwortend
246,1975-03-02,Konjunkturartikel,Obligatorisches Referendum,Wirtschaft,WBF,Befürwortend,Befürwortend,Befürwortend,Befürwortend
247,1975-06-08,Bundesbeschluss über den Schutz der Währung,Obligatorisches Referendum,Wirtschaft,EFD,N/A,Befürwortend,Befürwortend,Befürwortend
248,1975-06-08,Bundesbeschluss über die Finanzierung der Nationalstrassen,Fakultatives Referendum,Öffentliche Finanzen,EFD,Befürwortend,Befürwortend,Befürwortend,Befürwortend
249,1975-06-08,Änderung des Generalzolltarifs,Fakultatives Referendum,Öffentliche Finanzen,EFD,Befürwortend,Befürwortend,Befürwortend,Befürwortend
250,1975-06-08,Bundesbeschluss zur Erhöhung der Steuereinnahmen,Obligatorisches Referendum,Öffentliche Finanzen,EFD,N/A,Befürwortend,Befürwortend,Befürwortend
251,1975-06-08,Erschwerung von Ausgabenbeschlüssen,Obligatorisches Referendum,Öffentliche Finanzen,EFD,N/A,Befürwortend,Befürwortend,Befürwortend
252,1975-12-07,Reform der Niederlassungsfreiheit und Unterstützungsregelung,Obligatorisches Referendum,Staatsordnung,EJPD,N/A,Befürwortend,Befürwortend,Befürwortend
253,1975-12-07,Verfassungsbestimmungen zur Wasserwirtschaft,Obligatorisches Referendum,Umwelt und Lebensraum,UVEK,Befürwortend,Befürwortend,Befürwortend,Befürwortend
254,1975-12-07,Gesetz über die Ein- und Ausfuhr von Landwirtschaftserzeugnissen,Fakultatives Referendum,Aussenpolitik,WBF,Befürwortend,Befürwortend,Befürwortend,Befürwortend
255,1976-03-21,Initiative «für die Mitbestimmung der Arbeitnehmer»,Volksinitiative,Wirtschaft,WBF,Ablehnend,Ablehnend,Ablehnend,Ablehnend
255,1976-03-21,Gegenentwurf zur Mitbestimmungsinitiative,Direkter Gegenentwurf,Wirtschaft,WBF,N/A,Befürwortend,Befürwortend,Befürwortend
256,1976-03-21,Initiative «für eine Reform des Steuerwesens»,Volksinitiative,Öffentliche Finanzen,EFD,Ablehnend,Ablehnend,Ablehnend,Ablehnend
257,1976-06-13,Raumplanungsgesetz,Fakultatives Referendum,Umwelt und Lebensraum,WBF,Befürwortend,Befürwortend,Befürwortend,Befürwortend
258,1976-06-13,Darlehen an die Internationale Entwicklungsorganisation,Fakultatives Referendum,Aussenpolitik,EDA,Befürwortend,Befürwortend,Befürwortend,Befürwortend
259,1976-06-13,Neukonzeption der Arbeitslosenversicherung,Obligatorisches Referendum,Sozialpolitik,WBF,N/A,Befürwortend,Befürwortend,Befürwortend
260,1976-09-26,Radio- und Fernsehartikel,Obligatorisches Referendum,"Kultur, Religion, Medien",UVEK,N/A,Befürwortend,Befürwortend,Befürwortend
261,1976-09-26,Initiative für eine Haftpflichtversicherung für Motorfahrzeuge und Fahrräder,Volksinitiative,Verkehr und Infrastruktur,EJPD,Ablehnend,Ablehnend,Ablehnend,Ablehnend
262,1976-12-05,Bundesbeschluss über die Geld- und Kreditpolitik,Obligatorisches Referendum,Wirtschaft,EFD,N/A,Befürwortend,Befürwortend,Befürwortend
263,1976-12-05,Bundesbeschluss über die Preisüberwachung,Obligatorisches Referendum,Wirtschaft,WBF,N/A,Befürwortend,Befürwortend,Befürwortend
264,1976-12-05,Initiative «für die Einführung der 40-Stunden-Woche»,Volksinitiative,Wirtschaft,WBF,Ablehnend,Ablehnend,Ablehnend,Ablehnend
265,1977-03-13,Vierte «Überfremdungsinitiative»,Volksinitiative,Sozialpolitik,EJPD,Ablehnend,Ablehnend,Ablehnend,Ablehnend
266,1977-03-13,Initiative «für eine Beschränkung der Einbürgerungen»,Volksinitiative,Sozialpolitik,EJPD,Ablehnend,Ablehnend,Ablehnend,Ablehnend
267,1977-03-13,Initiative zur Neuordnung des Staatsvertragsreferendums,Volksinitiative,Staatsordnung,EJPD,Ablehnend,Ablehnend,Ablehnend,Ablehnend
267,1977-03-13,Neuordnung des Staatsvertragsreferendums (Gegenentwurf),Direkter Gegenentwurf,Staatsordnung,EJPD,N/A,Befürwortend,Befürwortend,Befürwortend
268,1977-06-12,Neuordnung der Umsatzsteuer und der direkten Bundessteuer,Obligatorisches Referendum,Öffentliche Finanzen,EFD,N/A,Befürwortend,Befürwortend,Befürwortend
269,1977-06-12,Bundesbeschluss über die Steuerharmonisierung,Obligatorisches Referendum,Öffentliche Finanzen,EFD,N/A,Befürwortend,Befürwortend,Befürwortend
270,1977-09-25,Mieterschutzinitiative,Volksinitiative,Umwelt und Lebensraum,WBF,Ablehnend,Ablehnend,Ablehnend,Ablehnend
270,1977-09-25,Gegenentwurf zur Mieterschutzinitiative,Direkter Gegenentwurf,Umwelt und Lebensraum,WBF,N/A,Befürwortend,Befürwortend,Befürwortend
271,1977-09-25,Initiative «gegen die Luftverschmutzung durch Motorfahrzeuge»,Volksinitiative,Umwelt und Lebensraum,EJPD,Ablehnend,Ablehnend,Ablehnend,Ablehnend
272,1977-09-25,Erhöhung der Unterschriftenzahl für das Referendum,Obligatorisches Referendum,Staatsordnung,EJPD,Befürwortend,Befürwortend,Befürwortend,Befürwortend
273,1977-09-25,Erhöhung der Unterschriftenzahl für die Verfassungsinitiative,Obligatorisches Referendum,Staatsordnung,EJPD,Befürwortend,Befürwortend,Befürwortend,Befürwortend
274,1977-09-25,Initiative «für die Fristenlösung»,Volksinitiative,Sozialpolitik,EJPD,Ablehnend,Keine,Keine,Keine
275,1977-12-04,«Reichtumssteuer-Initiative»,Volksinitiative,Öffentliche Finanzen,EFD,Ablehnend,Ablehnend,Ablehnend,Ablehnend
276,1977-12-04,Bundesgesetz über die politischen Rechte,Fakultatives Referendum,Staatsordnung,BK,Befürwortend,Befürwortend,Befürwortend,Befürwortend
277,1977-12-04,Einführung eines zivilen Ersatzdienstes,Obligatorisches Referendum,Sicherheitspolitik,VBS,Befürwortend,Befürwortend,Befürwortend,Befürwortend
278,1977-12-04,Massnahmen zum Ausgleich des Bundeshaushaltes,Fakultatives Referendum,Öffentliche Finanzen,EFD,Befürwortend,Befürwortend,Befürwortend,Befürwortend
279,1978-02-26,Initiative für mehr Mitbestimmung im Nationalstrassenbau,Volksinitiative,Verkehr und Infrastruktur,EDI,Ablehnend,Ablehnend,Ablehnend,Ablehnend
280,1978-02-26,9. AHV-Revision,Fakultatives Referendum,Sozialpolitik,EDI,Befürwortend,Befürwortend,Befürwortend,Befürwortend
281,1978-02-26,Initiative zur Herabsetzung des AHV-Alters,Volksinitiative,Sozialpolitik,EDI,Ablehnend,Ablehnend,Ablehnend,Ablehnend
282,1978-02-26,Konjunkturartikel,Obligatorisches Referendum,Wirtschaft,WBF,Befürwortend,Befürwortend,Befürwortend,Befürwortend
283,1978-05-28,Zeitgesetz (Sommerzeit),Fakultatives Referendum,Verkehr und Infrastruktur,EFD,Befürwortend,Befürwortend,Befürwortend,Befürwortend
284,1978-05-28,Zolltarifgesetz (Brotpreis),Fakultatives Referendum,Landwirtschaft,EFD,Befürwortend,Befürwortend,Befürwortend,Befürwortend
285,1978-05-28,Gesetz über den Schwangerschaftsabbruch,Fakultatives Referendum,Sozialpolitik,EJPD,Befürwortend,Befürwortend,Befürwortend,Befürwortend
286,1978-05-28,Gesetz über die Hochschulförderung,Fakultatives Referendum,Bildung und Forschung,EDI,Befürwortend,Befürwortend,Befürwortend,Befürwortend
287,1978-05-28,Initiative für 12 autofreie Sonntage pro Jahr,Volksinitiative,Verkehr und Infrastruktur,EJPD,Ablehnend,Ablehnend,Ablehnend,Ablehnend
288,1978-09-24,Bundesbeschluss über die Gründung des Kantons Jura,Obligatorisches Referendum,Staatsordnung,EJPD,Befürwortend,Befürwortend,Befürwortend,Befürwortend
289,1978-12-03,Milchwirtschaftsbeschluss,Fakultatives Referendum,Landwirtschaft,WBF,Befürwortend,Befürwortend,Befürwortend,Befürwortend
290,1978-12-03,Tierschutzgesetz ,Fakultatives Referendum,Landwirtschaft,WBF,Befürwortend,Befürwortend,Befürwortend,Befürwortend
291,1978-12-03,Sicherheitspolizeigesetz,Fakultatives Referendum,Sicherheitspolitik,EJPD,Befürwortend,Befürwortend,Befürwortend,Befürwortend
292,1978-12-03,Berufsbildungsgesetz,Fakultatives Referendum,Bildung und Forschung,WBF,Befürwortend,Befürwortend,Befürwortend,Befürwortend
293,1979-02-18,Stimm- und Wahlrecht für 18-Jährige,Obligatorisches Referendum,Staatsordnung,,Keine,Befürwortend,Befürwortend,Befürwortend
294,1979-02-18,Bundesbeschluss über die Fuss- und Wanderwege,Direkter Gegenentwurf,Verkehr und Infrastruktur,EDI,Befürwortend,Befürwortend,Befürwortend,Befürwortend
295,1979-02-18,Initiative «gegen Suchtmittelreklame»,Volksinitiative,Sozialpolitik,EDI,Ablehnend,Ablehnend,Ablehnend,Ablehnend
296,1979-02-18,Atominitiative,Volksinitiative,Energie,UVEK,Ablehnend,Ablehnend,Ablehnend,Ablehnend
297,1979-05-20,Neuordnung der Umsatzsteuer und der direkten Bundessteuer,Obligatorisches Referendum,Öffentliche Finanzen,EFD,Befürwortend,Befürwortend,Befürwortend,Befürwortend
298,1979-05-20,Atomgesetz,Fakultatives Referendum,Energie,UVEK,Befürwortend,Befürwortend,Befürwortend,Befürwortend
299,1980-03-02,Initiative zur «vollständigen Trennung von Kirche und Staat»,Volksinitiative,"Kultur, Religion, Medien",EJPD,Ablehnend,Ablehnend,Ablehnend,Ablehnend
300,1980-03-02,Neuordnung der Landesversorgung,Obligatorisches Referendum,Sicherheitspolitik,WBF,Befürwortend,Befürwortend,Befürwortend,Befürwortend
301,1980-11-30,Gurten- und Schutzhelmobligatorium,Fakultatives Referendum,Verkehr und Infrastruktur,EJPD,Befürwortend,Befürwortend,Befürwortend,Befürwortend
302,1980-11-30,Aufhebung des Kantonsanteils an den Stempelabgaben,Obligatorisches Referendum,Öffentliche Finanzen,EFD,Befürwortend,Befürwortend,Befürwortend,Befürwortend
303,1980-11-30,Abbau des Kantonsanteils an den Alkoholeinnahmen ,Obligatorisches Referendum,Öffentliche Finanzen,EFD,Befürwortend,Befürwortend,Befürwortend,Befürwortend
304,1980-11-30,Revision der Brotgetreideordnung,Obligatorisches Referendum,Öffentliche Finanzen,EFD,Befürwortend,Befürwortend,Befürwortend,Befürwortend
305,1981-04-05,Initiative «für eine neue Ausländerpolitik»,Volksinitiative,Sozialpolitik,EJPD,Ablehnend,Ablehnend,Ablehnend,Ablehnend
306,1981-06-14,Artikel zur Gleichstellung von Mann und Frau,Direkter Gegenentwurf,Sozialpolitik,EJPD,Befürwortend,Befürwortend,Befürwortend,Befürwortend
307,1981-06-14,Konsumentenschutz-Artikel,Direkter Gegenentwurf,Wirtschaft,WBF,Befürwortend,Befürwortend,Befürwortend,Befürwortend
308,1981-11-29,Weiterführung der Finanzordnung,Obligatorisches Referendum,Öffentliche Finanzen,EFD,Befürwortend,Befürwortend,Befürwortend,Befürwortend
309,1982-06-06,Revision des Strafgesetzes (Gewaltverbrechen),Fakultatives Referendum,Staatsordnung,EJPD,Befürwortend,Befürwortend,Befürwortend,Befürwortend
310,1982-06-06,Ausländergesetz,Fakultatives Referendum,Sozialpolitik,EJPD,Befürwortend,Befürwortend,Befürwortend,Befürwortend
311,1982-11-28,Preisüberwachungs-Initiative,Volksinitiative,Wirtschaft,WBF,Ablehnend,Ablehnend,Ablehnend,Ablehnend
311,1982-11-28,Gegenentwurf zur Preisüberwachungs-Initiative,Direkter Gegenentwurf,Wirtschaft,WBF,Befürwortend,Befürwortend,Befürwortend,Befürwortend
312,1983-02-27,Neuregelung der Treibstoffzölle,Obligatorisches Referendum,Verkehr und Infrastruktur,EFD,Befürwortend,Befürwortend,Befürwortend,Befürwortend
313,1983-02-27,Energieartikel,Obligatorisches Referendum,Energie,UVEK,Befürwortend,Befürwortend,Befürwortend,Befürwortend
314,1983-12-04,Reform der Bürgerrechtsregelung in der Bundesverfassung,Obligatorisches Referendum,Staatsordnung,EJPD,Befürwortend,Befürwortend,Befürwortend,Befürwortend
315,1983-12-04,Bundesbeschluss über die Erleichterung gewisser Einbürgerungen,Obligatorisches Referendum,Staatsordnung,EJPD,Befürwortend,Befürwortend,Befürwortend,Befürwortend
316,1984-02-26,Einführung einer Schwerverkehrsabgabe,Obligatorisches Referendum,Verkehr und Infrastruktur,UVEK,Befürwortend,Befürwortend,Befürwortend,Befürwortend
317,1984-02-26,Einführung der Autobahnvignette,Obligatorisches Referendum,Verkehr und Infrastruktur,UVEK,Befürwortend,Befürwortend,Befürwortend,Befürwortend
318,1984-02-26,Zivildienst-Initiative,Volksinitiative,Sicherheitspolitik,VBS,Ablehnend,Ablehnend,Ablehnend,Ablehnend
319,1984-05-20,Initiative «gegen den Missbrauch des Bankgeheimnisses und der Bankenmacht»,Volksinitiative,Wirtschaft,EFD,Ablehnend,Ablehnend,Ablehnend,Ablehnend
320,1984-05-20,Initiative «Gegen den Ausverkauf der Heimat»,Volksinitiative,Umwelt und Lebensraum,EJPD,Ablehnend,Ablehnend,Ablehnend,Ablehnend
321,1984-09-23,Initiative «für eine Zukunft ohne weitere Atomkraftwerke»,Volksinitiative,Energie,UVEK,Ablehnend,Ablehnend,Ablehnend,Ablehnend
322,1984-09-23,Initiative «für eine umweltgerechte Energieversorgung»,Volksinitiative,Energie,UVEK,Ablehnend,Ablehnend,Ablehnend,Ablehnend
323,1984-12-02,Initiative «für einen wirksamen Schutz der Mutterschaft»,Volksinitiative,Sozialpolitik,EDI,Ablehnend,Ablehnend,Ablehnend,Ablehnend
324,1984-12-02,Radio- und Fernsehartikel,Obligatorisches Referendum,"Kultur, Religion, Medien",UVEK,Befürwortend,Befürwortend,Befürwortend,Befürwortend
325,1984-12-02,Bundesbeschluss über die Entschädigung der Opfer von Gewaltverbrechen,Direkter Gegenentwurf,Sozialpolitik,EJPD,Befürwortend,Befürwortend,Befürwortend,Befürwortend
326,1985-03-10,Aufhebung der Bundesbeiträge für den Primarschulunterricht,Obligatorisches Referendum,Bildung und Forschung,EJPD,Befürwortend,Befürwortend,Befürwortend,Befürwortend
327,1985-03-10,Aufhebung der Beitragspflicht des Bundes im Gesundheitswesen,Obligatorisches Referendum,Sozialpolitik,EJPD,Befürwortend,Befürwortend,Befürwortend,Befürwortend
328,1985-03-10,Bundesbeschluss über die Ausbildungsbeiträge,Obligatorisches Referendum,Bildung und Forschung,EJPD,Befürwortend,Befürwortend,Befürwortend,Befürwortend
329,1985-03-10,Ferien-Initiative,Volksinitiative,Wirtschaft,EJPD,Ablehnend,Ablehnend,Ablehnend,Ablehnend
330,1985-06-09,Initiative «Recht auf Leben»,Volksinitiative,Staatsordnung,EJPD,Ablehnend,Ablehnend,Ablehnend,Ablehnend
331,1985-06-09,Aufhebung des Kantonsanteils an den Stempelabgaben,Obligatorisches Referendum,Öffentliche Finanzen,EFD,Befürwortend,Befürwortend,Befürwortend,Befürwortend
332,1985-06-09,Neuverteilung der Erträge aus der Alkoholabgabe,Obligatorisches Referendum,Öffentliche Finanzen,EFD,Befürwortend,Befürwortend,Befürwortend,Befürwortend
333,1985-06-09,Aufhebung der Unterstützung für die Selbstversorgung mit Brotgetreide,Obligatorisches Referendum,Landwirtschaft,EFD,Befürwortend,Befürwortend,Befürwortend,Befürwortend
334,1985-09-22,Bundesbeschluss zur Koordination des Schuljahresbeginns,Direkter Gegenentwurf,Bildung und Forschung,EDI,Befürwortend,Befürwortend,Befürwortend,Befürwortend
335,1985-09-22,Bundesbeschluss über die Innovationsrisikogarantie,Fakultatives Referendum,Wirtschaft,WBF,Befürwortend,Befürwortend,Befürwortend,Befürwortend
336,1985-09-22,Neues Ehe- und Erbrecht,Fakultatives Referendum,Staatsordnung,EJPD,Befürwortend,Befürwortend,Befürwortend,Befürwortend
337,1985-12-01,Initiative «für die Abschaffung der Vivisektion»,Volksinitiative,Bildung und Forschung,WBF,Ablehnend,Ablehnend,Ablehnend,Ablehnend
338,1986-03-16,UNO-Beitritt,Obligatorisches Referendum,Aussenpolitik,EDA,Befürwortend,Befürwortend,Befürwortend,Befürwortend
339,1986-09-28,Kulturinitiative,Volksinitiative,"Kultur, Religion, Medien",EDI,Ablehnend,Ablehnend,Ablehnend,Ablehnend
339,1986-09-28,Gegenentwurf zur Kulturinitiative,Direkter Gegenentwurf,"Kultur, Religion, Medien",EDI,Befürwortend,Befürwortend,Befürwortend,Befürwortend
340,1986-09-28,Initiative zur Berufsbildung und Umschulung,Volksinitiative,Bildung und Forschung,WBF,Ablehnend,Ablehnend,Ablehnend,Ablehnend
341,1986-09-28,Bundesbeschluss über die Zuckerwirtschaft,Fakultatives Referendum,Landwirtschaft,WBF,Befürwortend,Befürwortend,Befürwortend,Befürwortend
342,1986-12-07,Bundesbeschluss zum Mieterschutz,Direkter Gegenentwurf,Umwelt und Lebensraum,EJPD,Befürwortend,Befürwortend,Befürwortend,Befürwortend
343,1986-12-07,Initiative für eine Schwerverkehrsabgabe,Volksinitiative,Verkehr und Infrastruktur,UVEK,Ablehnend,Ablehnend,Ablehnend,Ablehnend
344,1987-04-05,Asylgesetz,Fakultatives Referendum,Sozialpolitik,EJPD,Befürwortend,Befürwortend,Befürwortend,Befürwortend
345,1987-04-05,Ausländergesetz,Fakultatives Referendum,Sozialpolitik,EJPD,Befürwortend,Befürwortend,Befürwortend,Befürwortend
346,1987-04-05,Initiative für die Einführung eines Rüstungsreferendums,Volksinitiative,Sicherheitspolitik,VBS,Ablehnend,Ablehnend,Ablehnend,Ablehnend
347,1987-04-05,Abstimmungsverfahren bei Volksinitiativen mit Gegenentwurf,Obligatorisches Referendum,Staatsordnung,BK,Befürwortend,Befürwortend,Befürwortend,Befürwortend
348,1987-12-06,Bahn 2000,Fakultatives Referendum,Verkehr und Infrastruktur,UVEK,Befürwortend,Befürwortend,Befürwortend,Befürwortend
349,1987-12-06,Krankenversicherungsgesetz,Fakultatives Referendum,Sozialpolitik,EDI,Befürwortend,Befürwortend,Befürwortend,Befürwortend
350,1987-12-06,Initiative «zum Schutz der Moore - Rothenthurm-Initiative»,Volksinitiative,Sicherheitspolitik,EDI,Ablehnend,Ablehnend,Ablehnend,Ablehnend
351,1988-06-12,Verfassungsgrundlagen für eine koordinierte Verkehrspolitik,Obligatorisches Referendum,Verkehr und Infrastruktur,UVEK,Befürwortend,Befürwortend,Befürwortend,Befürwortend
352,1988-06-12,Initiative zur Herabsetzung des AHV-Rentenalters,Volksinitiative,Sozialpolitik,EDI,Ablehnend,Ablehnend,Ablehnend,Ablehnend
353,1988-12-04,«Stadt-Land-Initiative gegen die Bodenspekulation»,Volksinitiative,Umwelt und Lebensraum,EJPD,Ablehnend,Ablehnend,Ablehnend,Ablehnend
354,1988-12-04,Initiative «zur Herabsetzung der Arbeitszeit»,Volksinitiative,Wirtschaft,WBF,Ablehnend,Ablehnend,Ablehnend,Ablehnend
355,1988-12-04,Initiative «für die Begrenzung der Einwanderung»,Volksinitiative,Sozialpolitik,EJPD,Ablehnend,Ablehnend,Ablehnend,Ablehnend
356,1989-06-04,Kleinbauern-Initiative,Volksinitiative,Landwirtschaft,WBF,Ablehnend,Ablehnend,Ablehnend,Ablehnend
357,1989-11-26,Initiative für eine Schweiz ohne Armee,Volksinitiative,Sicherheitspolitik,VBS,Ablehnend,Ablehnend,Ablehnend,Ablehnend
358,1989-11-26,Initiative «pro Tempo 130/100»,Volksinitiative,Verkehr und Infrastruktur,EJPD,Ablehnend,Ablehnend,Ablehnend,Ablehnend
359,1990-04-01,Initiative «für eine Begrenzung des Strassenbaus»,Volksinitiative,Verkehr und Infrastruktur,UVEK,Ablehnend,Ablehnend,Ablehnend,Ablehnend
360,1990-04-01,Initiative «für eine autobahnfreie Landschaft zwischen Murten und Yverdon»,Volksinitiative,Verkehr und Infrastruktur,UVEK,Ablehnend,Ablehnend,Ablehnend,Ablehnend
361,1990-04-01,Initiative «für ein autobahnfreies Knonauer Amt»,Volksinitiative,Verkehr und Infrastruktur,UVEK,Ablehnend,Ablehnend,Ablehnend,Ablehnend
362,1990-04-01,Initiative für eine freie Aarelandschaft zwischen Biel und Solothurn,Volksinitiative,Verkehr und Infrastruktur,UVEK,Ablehnend,Ablehnend,Ablehnend,Ablehnend
363,1990-04-01,Rebbaubeschluss,Fakultatives Referendum,Landwirtschaft,WBF,Befürwortend,Befürwortend,Befürwortend,Befürwortend
364,1990-04-01,Gesetz über die Organisation der Bundesrechtspflege,Fakultatives Referendum,Staatsordnung,EJPD,Befürwortend,Befürwortend,Befürwortend,Befürwortend
365,1990-09-23,Initiative für einen Ausstieg aus der Atomenergie,Volksinitiative,Energie,UVEK,Ablehnend,Ablehnend,Ablehnend,Ablehnend
366,1990-09-23,Initiative «Stopp dem Atomkraftwerkbau (Moratorium)»,Volksinitiative,Energie,UVEK,Ablehnend,Ablehnend,Ablehnend,Ablehnend
367,1990-09-23,Energieartikel,Obligatorisches Referendum,Energie,UVEK,Befürwortend,Befürwortend,Befürwortend,Befürwortend
368,1990-09-23,Strassenverkehrsgesetz,Fakultatives Referendum,Verkehr und Infrastruktur,EJPD,Befürwortend,Befürwortend,Befürwortend,Befürwortend
369,1991-03-03,Herabsetzung des Stimmrechtsalters auf 18 Jahre,Obligatorisches Referendum,Staatsordnung,BK,Befürwortend,Befürwortend,Befürwortend,Befürwortend
370,1991-03-03,Initiative «zur Förderung des öffentlichen Verkehrs»,Volksinitiative,Verkehr und Infrastruktur,UVEK,Ablehnend,Ablehnend,Ablehnend,Ablehnend
371,1991-06-02,Neuordnung der Bundesfinanzen (Einführung Mehrwertsteuer),Obligatorisches Referendum,Öffentliche Finanzen,EFD,Befürwortend,Befürwortend,Befürwortend,Befürwortend
372,1991-06-02,Militärstrafgesetz,Fakultatives Referendum,Sicherheitspolitik,EJPD,Befürwortend,Befürwortend,Befürwortend,Befürwortend
373,1992-02-16,«Krankenkassen-Initiative»,Volksinitiative,Sozialpolitik,EDI,Ablehnend,Ablehnend,Ablehnend,Ablehnend
374,1992-02-16,Initiative «Weg vom Tierversuch!»,Volksinitiative,Bildung und Forschung,WBF,Ablehnend,Ablehnend,Ablehnend,Ablehnend
375,1992-05-17,Beitritt zu den Institutionen von Bretton Woods,Fakultatives Referendum,Aussenpolitik,EFD,Befürwortend,Befürwortend,Befürwortend,Befürwortend
376,1992-05-17,Gesetz über die Mitwirkung an den Institutionen von Bretton Woods,Fakultatives Referendum,Aussenpolitik,EFD,Befürwortend,Befürwortend,Befürwortend,Befürwortend
377,1992-05-17,Gewässerschutzgesetz,Fakultatives Referendum,Umwelt und Lebensraum,EDI,Befürwortend,Befürwortend,Befürwortend,Befürwortend
378,1992-05-17,Gewässerschutz-Initiative,Volksinitiative,Umwelt und Lebensraum,EDI,Ablehnend,Ablehnend,Ablehnend,Ablehnend
379,1992-05-17,Regelung der Fortpflanzungs- und Gentechnologie,Direkter Gegenentwurf,Sozialpolitik,EJPD,Befürwortend,Befürwortend,Befürwortend,Befürwortend
380,1992-05-17,Einführung eines Zivildiensts,Obligatorisches Referendum,Sicherheitspolitik,WBF,Befürwortend,Befürwortend,Befürwortend,Befürwortend
381,1992-05-17,Reform des Sexualstrafrechts,Fakultatives Referendum,Staatsordnung,EJPD,Befürwortend,Befürwortend,Befürwortend,Befürwortend
382,1992-09-27,Alpentransit-Beschluss (NEAT),Fakultatives Referendum,Verkehr und Infrastruktur,UVEK,Befürwortend,Befürwortend,Befürwortend,Befürwortend
383,1992-09-27,Geschäftsverkehrsgesetz,Fakultatives Referendum,Staatsordnung,EFD,Befürwortend,Befürwortend,Befürwortend,Befürwortend
384,1992-09-27,Entschädigungsgesetz,Fakultatives Referendum,Staatsordnung,EFD,Befürwortend,Befürwortend,Befürwortend,Befürwortend
385,1992-09-27,Infrastrukturgesetz,Fakultatives Referendum,Staatsordnung,EFD,Befürwortend,Befürwortend,Befürwortend,Befürwortend
386,1992-09-27,Gesetz über die Stempelabgaben,Fakultatives Referendum,Öffentliche Finanzen,EFD,Befürwortend,Befürwortend,Befürwortend,Befürwortend
387,1992-09-27,Gesetz über das bäuerliche Bodenrecht,Fakultatives Referendum,Umwelt und Lebensraum,EJPD,Befürwortend,Befürwortend,Befürwortend,Befürwortend
388,1992-12-06,EWR-Beitritt,Obligatorisches Referendum,Aussenpolitik,EJPD,Befürwortend,Befürwortend,Befürwortend,Befürwortend
389,1993-03-07,Erhöhung des Treibstoffzolls,Fakultatives Referendum,Öffentliche Finanzen,EFD,Befürwortend,Befürwortend,Befürwortend,Befürwortend
390,1993-03-07,Aufhebung des Spielbankenverbots,Obligatorisches Referendum,Wirtschaft,EFD,Befürwortend,Befürwortend,Befürwortend,Befürwortend
391,1993-03-07,Initiative «zur Abschaffung der Tierversuche»,Volksinitiative,Bildung und Forschung,WBF,Ablehnend,Ablehnend,Ablehnend,Ablehnend
392,1993-06-06,Initiative «40 Waffenplätze sind genug»,Volksinitiative,Sicherheitspolitik,VBS,Ablehnend,Ablehnend,Ablehnend,Ablehnend
393,1993-06-06,Initiative «für eine Schweiz ohne neue Kampfflugzeuge»,Volksinitiative,Sicherheitspolitik,VBS,Ablehnend,Ablehnend,Ablehnend,Ablehnend
394,1993-09-26,Bundesbeschluss gegen den Waffenmissbrauch,Obligatorisches Referendum,Staatsordnung,EJPD,Befürwortend,Befürwortend,Befürwortend,Befürwortend
395,1993-09-26,Kantonswechsel des Laufentals zu Basel-Landschaft,Obligatorisches Referendum,Staatsordnung,EJPD,Befürwortend,Befürwortend,Befürwortend,Befürwortend
396,1993-09-26,1.-August-Initiative,Volksinitiative,Staatsordnung,EDI,Befürwortend,Befürwortend,Befürwortend,Befürwortend
397,1993-09-26,Befristete Massnahmen in der Krankenversicherung,Fakultatives Referendum,Sozialpolitik,EDI,Befürwortend,Befürwortend,Befürwortend,Befürwortend
398,1993-09-26,Massnahmen in der Arbeitslosenversicherung,Fakultatives Referendum,Sozialpolitik,WBF,Befürwortend,Befürwortend,Befürwortend,Befürwortend
399,1993-11-28,Einführung der Mehrwertsteuer,Obligatorisches Referendum,Öffentliche Finanzen,EFD,Befürwortend,Befürwortend,Befürwortend,Befürwortend
400,1993-11-28,"Mehrwertsteuer-Satz 6,5%",Obligatorisches Referendum,Öffentliche Finanzen,EFD,Befürwortend,Befürwortend,Befürwortend,Befürwortend
401,1993-11-28,Mehrwertsteuerprozent für die AHV,Obligatorisches Referendum,Öffentliche Finanzen,EFD,Befürwortend,Befürwortend,Befürwortend,Befürwortend
402,1993-11-28,Bundesbeschluss über besondere Verbrauchssteuern,Obligatorisches Referendum,Öffentliche Finanzen,EFD,Befürwortend,Befürwortend,Befürwortend,Befürwortend
403,1993-11-28,Initiative «zur Verminderung der Alkoholprobleme»,Volksinitiative,Sozialpolitik,EDI,Ablehnend,Ablehnend,Ablehnend,Ablehnend
404,1993-11-28,Initiative «zur Verminderung der Tabakprobleme»,Volksinitiative,Sozialpolitik,EDI,Ablehnend,Ablehnend,Ablehnend,Ablehnend
405,1994-02-20,Weiterführung Autobahnvignette,Obligatorisches Referendum,Verkehr und Infrastruktur,UVEK,Befürwortend,Befürwortend,Befürwortend,Befürwortend
406,1994-02-20,Weiterführung der Schwerverkehrsabgabe,Obligatorisches Referendum,Verkehr und Infrastruktur,UVEK,Befürwortend,Befürwortend,Befürwortend,Befürwortend
407,1994-02-20,Einführung einer leistungsabhängigen Schwerverkehrsabgabe,Obligatorisches Referendum,Verkehr und Infrastruktur,UVEK,Befürwortend,Befürwortend,Befürwortend,Befürwortend
408,1994-02-20,Alpen-Initiative,Volksinitiative,Verkehr und Infrastruktur,UVEK,Ablehnend,Ablehnend,Ablehnend,Ablehnend
409,1994-02-20,Luftfahrtgesetz,Fakultatives Referendum,Verkehr und Infrastruktur,UVEK,Befürwortend,Befürwortend,Befürwortend,Befürwortend
410,1994-06-12,Kulturförderungsartikel,Obligatorisches Referendum,"Kultur, Religion, Medien",EDI,Befürwortend,Befürwortend,Befürwortend,Befürwortend
411,1994-06-12,Erleichterte Einbürgerung für junge Ausländer,Obligatorisches Referendum,Staatsordnung,EJPD,Befürwortend,Befürwortend,Befürwortend,Befürwortend
412,1994-06-12,UNO-Blauhelme,Fakultatives Referendum,Aussenpolitik,VBS,Befürwortend,Befürwortend,Befürwortend,Befürwortend
413,1994-09-25,Aufhebung der Brotgetreideverbilligung,Obligatorisches Referendum,Landwirtschaft,EFD,Befürwortend,Befürwortend,Befürwortend,Befürwortend
414,1994-09-25,Verbot der Rassendiskriminierung,Fakultatives Referendum,Sozialpolitik,EJPD,Befürwortend,Befürwortend,Befürwortend,Befürwortend
415,1994-12-04,Krankenversicherungsgesetz,Fakultatives Referendum,Sozialpolitik,EDI,Befürwortend,Befürwortend,Befürwortend,Befürwortend
416,1994-12-04,Initiative «für eine gesunde Krankenversicherung»,Volksinitiative,Sozialpolitik,EDI,Ablehnend,Ablehnend,Ablehnend,Ablehnend
417,1994-12-04,Zwangsmassnahmen im Ausländerrecht,Fakultatives Referendum,Staatsordnung,EJPD,Befürwortend,Befürwortend,Befürwortend,Befürwortend
418,1995-03-12,Landwirtschaftsartikel,Direkter Gegenentwurf,Landwirtschaft,WBF,Befürwortend,Befürwortend,Befürwortend,Befürwortend
419,1995-03-12,Milchwirtschaftsbeschluss,Fakultatives Referendum,Landwirtschaft,WBF,Befürwortend,Befürwortend,Befürwortend,Befürwortend
420,1995-03-12,Landwirtschaftsgesetz,Fakultatives Referendum,Landwirtschaft,WBF,Befürwortend,Befürwortend,Befürwortend,Befürwortend
421,1995-03-12,Ausgabenbremse,Obligatorisches Referendum,Öffentliche Finanzen,EFD,Befürwortend,Befürwortend,Befürwortend,Befürwortend
422,1995-06-25,10. AHV-Revision,Fakultatives Referendum,Sozialpolitik,EDI,Befürwortend,Befürwortend,Befürwortend,Befürwortend
423,1995-06-25,Initiative «zum Ausbau von AHV und IV»,Volksinitiative,Sozialpolitik,EDI,Ablehnend,Ablehnend,Ablehnend,Ablehnend
424,1995-06-25,Gesetz über den Erwerb von Grundstücken durch Personen im Ausland,Fakultatives Referendum,Umwelt und Lebensraum,EJPD,Befürwortend,Befürwortend,Befürwortend,Befürwortend
425,1996-03-10,Sprachenartikel,Obligatorisches Referendum,"Kultur, Religion, Medien",EDI,Befürwortend,Befürwortend,Befürwortend,Befürwortend
426,1996-03-10,Übertritt Vellerat zum Kanton Jura,Obligatorisches Referendum,Staatsordnung,EJPD,Befürwortend,Befürwortend,Befürwortend,Befürwortend
427,1996-03-10,Zuständigkeit im Bereich der persönlichen militärischen Ausrüstung,Obligatorisches Referendum,Sicherheitspolitik,EFD,Befürwortend,Befürwortend,Befürwortend,Befürwortend
428,1996-03-10,Aufhebung der Pflicht zur Übernahme von Brennapparaten und Branntwein,Obligatorisches Referendum,Landwirtschaft,EFD,Befürwortend,Befürwortend,Befürwortend,Befürwortend
429,1996-03-10,Aufhebung der Beiträge an Bahnhofparkplätze,Obligatorisches Referendum,Verkehr und Infrastruktur,EFD,Befürwortend,Befürwortend,Befürwortend,Befürwortend
430,1996-06-09,Verfassungsartikel zur Landwirtschaft,Direkter Gegenentwurf,Landwirtschaft,WBF,Befürwortend,Befürwortend,Befürwortend,Befürwortend
431,1996-06-09,Regierungs- und Verwaltungsorganisationsgesetz,Fakultatives Referendum,Staatsordnung,BK,Befürwortend,Befürwortend,Befürwortend,Befürwortend
432,1996-12-01,Initiative «gegen die illegale Einwanderung»,Volksinitiative,Sozialpolitik,EJPD,Ablehnend,Ablehnend,Ablehnend,Ablehnend
433,1996-12-01,Arbeitsgesetz,Fakultatives Referendum,Wirtschaft,WBF,Keine,Befürwortend,Befürwortend,Befürwortend
434,1997-06-08,Initiative «EU-Beitrittsverhandlungen vors Volk!»,Volksinitiative,Aussenpolitik,EDA,Ablehnend,Ablehnend,Ablehnend,Ablehnend
435,1997-06-08,Initiative «für ein Verbot der Kriegsmaterialausfuhr»,Volksinitiative,Aussenpolitik,VBS,Ablehnend,Ablehnend,Ablehnend,Ablehnend
436,1997-06-08,Aufhebung des Pulverregals,Obligatorisches Referendum,Sicherheitspolitik,VBS,Befürwortend,Befürwortend,Befürwortend,Befürwortend
437,1997-09-28,Finanzierung der Arbeitslosenversicherung,Fakultatives Referendum,Sozialpolitik,EFD,Befürwortend,Befürwortend,Befürwortend,Befürwortend
438,1997-09-28,Initiative «Jugend ohne Drogen»,Volksinitiative,Sozialpolitik,EDI,Ablehnend,Ablehnend,Ablehnend,Ablehnend
439,1998-06-07,Haushaltsziel 2001,Obligatorisches Referendum,Öffentliche Finanzen,EFD,Befürwortend,Befürwortend,Befürwortend,Befürwortend
440,1998-06-07,«Gen-Schutz-Initiative»,Volksinitiative,Bildung und Forschung,WBF,Ablehnend,Ablehnend,Ablehnend,Ablehnend
441,1998-06-07,Initiative «S.o.S. - Schweiz ohne Schnüffelpolizei»,Volksinitiative,Sicherheitspolitik,EJPD,Ablehnend,Ablehnend,Ablehnend,Ablehnend
442,1998-09-27,Leistungsabhängige Schwerverkehrsabgabe (LSVA),Fakultatives Referendum,Verkehr und Infrastruktur,UVEK,Befürwortend,Befürwortend,Befürwortend,Befürwortend
443,1998-09-27,Kleinbauern-Initiative,Volksinitiative,Landwirtschaft,WBF,Ablehnend,Ablehnend,Ablehnend,Ablehnend
444,1998-09-27,Initiative «für die 10. AHV-Revision ohne Erhöhung des Rentenalters»,Volksinitiative,Sozialpolitik,EDI,Ablehnend,Ablehnend,Ablehnend,Ablehnend
445,1998-11-29,Finanzierung des öffentlichen Verkehrs (FinöV),Obligatorisches Referendum,Verkehr und Infrastruktur,UVEK,Befürwortend,Befürwortend,Befürwortend,Befürwortend
446,1998-11-29,Getreideartikel,Obligatorisches Referendum,Landwirtschaft,WBF,Befürwortend,Befürwortend,Befürwortend,Befürwortend
447,1998-11-29,Initiative «für eine vernünftige Drogenpolitik»,Volksinitiative,Sozialpolitik,EDI,Ablehnend,Ablehnend,Ablehnend,Ablehnend
448,1998-11-29,Arbeitsgesetz,Fakultatives Referendum,Wirtschaft,WBF,Befürwortend,Befürwortend,Befürwortend,Befürwortend
449,1999-02-07,Bundesbeschluss über die Wählbarkeit in den Bundesrat,Obligatorisches Referendum,Staatsordnung,EJPD,Befürwortend,Befürwortend,Befürwortend,Befürwortend
450,1999-02-07,Verfassungsbestimmung über die Transplantationsmedizin,Obligatorisches Referendum,Sozialpolitik,EDI,Befürwortend,Befürwortend,Befürwortend,Befürwortend
451,1999-02-07,Wohneigentums-Initiative,Volksinitiative,Umwelt und Lebensraum,EFD,Ablehnend,Ablehnend,Ablehnend,Ablehnend
452,1999-02-07,Raumplanungsgesetz,Fakultatives Referendum,Umwelt und Lebensraum,EJPD,Befürwortend,Befürwortend,Befürwortend,Befürwortend
453,1999-04-18,Neue Bundesverfassung,Obligatorisches Referendum,Staatsordnung,EJPD,Befürwortend,Befürwortend,Befürwortend,Befürwortend
454,1999-06-13,Asylgesetz,Fakultatives Referendum,Sozialpolitik,EJPD,Befürwortend,Befürwortend,Befürwortend,Befürwortend
455,1999-06-13,Massnahmen im Asyl- und Ausländerbereich,Fakultatives Referendum,Sozialpolitik,EJPD,Befürwortend,Befürwortend,Befürwortend,Befürwortend
456,1999-06-13,Bundesbeschluss über die ärztliche Verschreibung von Heroin,Fakultatives Referendum,Sozialpolitik,EDI,Befürwortend,Befürwortend,Befürwortend,Befürwortend
457,1999-06-13,Gesetz über die Invalidenversicherung,Fakultatives Referendum,Sozialpolitik,EDI,Befürwortend,Befürwortend,Befürwortend,Befürwortend
458,1999-06-13,Gesetz über die Mutterschaftsversicherung,Fakultatives Referendum,Sozialpolitik,EDI,Befürwortend,Befürwortend,Befürwortend,Befürwortend
459,2000-03-12,Justizreform,Obligatorisches Referendum,Staatsordnung,EJPD,Befürwortend,Befürwortend,Befürwortend,Befürwortend
460,2000-03-12,Initiative «für die Beschleunigung der direkten Demokratie»,Volksinitiative,Staatsordnung,EJPD,Ablehnend,Ablehnend,Ablehnend,Ablehnend
461,2000-03-12,Initiative «für eine gerechte Vertretung der Frauen in den Bundesbehörden»,Volksinitiative,Sozialpolitik,EJPD,Ablehnend,Ablehnend,Ablehnend,Ablehnend
462,2000-03-12,Initiative «für menschenwürdige Fortpflanzung»,Volksinitiative,Sozialpolitik,EJPD,Ablehnend,Ablehnend,Ablehnend,Ablehnend
463,2000-03-12,«Verkehrshalbierungs-Initiative»,Volksinitiative,Verkehr und Infrastruktur,UVEK,Ablehnend,Ablehnend,Ablehnend,Ablehnend
464,2000-05-21,Bilaterale Abkommen mit der EU,Fakultatives Referendum,Aussenpolitik,EDA,Befürwortend,Befürwortend,Befürwortend,Befürwortend
465,2000-09-24,Solarinitiative,Volksinitiative,Energie,UVEK,Ablehnend,Ablehnend,Ablehnend,Ablehnend
465,2000-09-24,Förderabgabe für erneuerbare Energien,Direkter Gegenentwurf,Energie,UVEK,Befürwortend,Befürwortend,Befürwortend,Befürwortend
465,2000-09-24,Stichfrage zu Solarinitiative und Gegenentwurf,Stichfrage,Energie,UVEK,Vorzug für Gegenentwurf,Vorzug für Gegenentwurf,Vorzug für Gegenentwurf,Vorzug für Gegenentwurf
466,2000-09-24,Energielenkungsabgabe für die Umwelt,Direkter Gegenentwurf,Energie,UVEK,Befürwortend,Befürwortend,Befürwortend,Befürwortend
467,2000-09-24,Initiative «für eine Regelung der Zuwanderung»,Volksinitiative,Sozialpolitik,EJPD,Ablehnend,Ablehnend,Ablehnend,Ablehnend
468,2000-09-24,Initiative für ein konstruktives Referendum,Volksinitiative,Staatsordnung,EJPD,Ablehnend,Ablehnend,Ablehnend,Ablehnend
469,2000-11-26,Initiative «für eine Flexibilisierung der AHV - gegen die Erhöhung des Rentenalters für Frauen»,Volksinitiative,Sozialpolitik,EDI,Ablehnend,Ablehnend,Ablehnend,Ablehnend
470,2000-11-26,Initiative «für ein flexibles Rentenalter ab 62 für Frau und Mann»,Volksinitiative,Sozialpolitik,EDI,Ablehnend,Ablehnend,Ablehnend,Ablehnend
471,2000-11-26,«Umverteilungsinitiative»,Volksinitiative,Sicherheitspolitik,VBS,Ablehnend,Ablehnend,Ablehnend,Ablehnend
472,2000-11-26,Initiative «für tiefere Spitalkosten»,Volksinitiative,Sozialpolitik,EDI,Ablehnend,Ablehnend,Ablehnend,Ablehnend
473,2000-11-26,Bundespersonalgesetz,Fakultatives Referendum,Staatsordnung,EFD,Befürwortend,Befürwortend,Befürwortend,Befürwortend
474,2001-03-04,Initiative «Ja zu Europa!»,Volksinitiative,Aussenpolitik,EDA,Ablehnend,Ablehnend,Ablehnend,Ablehnend
475,2001-03-04,Initiative «für tiefere Arzneimittelpreise»,Volksinitiative,Sozialpolitik,EDI,Ablehnend,Ablehnend,Ablehnend,Ablehnend
476,2001-03-04,Initiative «Strassen für alle» (Tempo 30),Volksinitiative,Verkehr und Infrastruktur,UVEK,Ablehnend,Ablehnend,Ablehnend,Ablehnend
477,2001-06-10,Militärgesetz: Bewaffnung,Fakultatives Referendum,Sicherheitspolitik,VBS,Befürwortend,Befürwortend,Befürwortend,Befürwortend
478,2001-06-10,Militärgesetz: Ausbildungszusammenarbeit,Fakultatives Referendum,Sicherheitspolitik,VBS,Befürwortend,Befürwortend,Befürwortend,Befürwortend
479,2001-06-10,Aufhebung des Bistumsartikels,Obligatorisches Referendum,"Kultur, Religion, Medien",EJPD,Befürwortend,Befürwortend,Befürwortend,Befürwortend
480,2001-12-02,Schuldenbremse,Obligatorisches Referendum,Öffentliche Finanzen,EFD,Befürwortend,Befürwortend,Befürwortend,Befürwortend
481,2001-12-02,Initiative «Energie statt Arbeit besteuern»,Volksinitiative,Energie,EFD,Ablehnend,Ablehnend,Ablehnend,Ablehnend
482,2001-12-02,Initiative für eine Schweiz ohne Armee,Volksinitiative,Sicherheitspolitik,VBS,Ablehnend,Ablehnend,Ablehnend,Ablehnend
483,2001-12-02,Initiative «Für einen freiwilligen zivilen Friedensdienst»,Volksinitiative,Sicherheitspolitik,VBS,Ablehnend,Ablehnend,Ablehnend,Ablehnend
484,2001-12-02,Initiative «für eine Kapitalgewinnsteuer»,Volksinitiative,Öffentliche Finanzen,EFD,Ablehnend,Ablehnend,Ablehnend,Ablehnend
485,2002-03-03,Initiative für den UNO-Beitritt,Volksinitiative,Aussenpolitik,EDA,Befürwortend,Befürwortend,Befürwortend,Befürwortend
486,2002-03-03,Initiative «für eine kürzere Arbeitszeit»,Volksinitiative,Wirtschaft,WBF,Ablehnend,Ablehnend,Ablehnend,Ablehnend
487,2002-06-02,Fristenregelung (Schwangerschaftsabbruch),Fakultatives Referendum,Staatsordnung,EJPD,Befürwortend,Befürwortend,Befürwortend,Befürwortend
488,2002-06-02,Initiative «Für Mutter und Kind»,Volksinitiative,Staatsordnung,EJPD,Ablehnend,Ablehnend,Ablehnend,Ablehnend
489,2002-09-22,«Goldinitiative»,Volksinitiative,Wirtschaft,EFD,Ablehnend,Ablehnend,Ablehnend,Ablehnend
489,2002-09-22,"Gegenentwurf «Gold für AHV, Kantone und Stiftung»",Direkter Gegenentwurf,Wirtschaft,EFD,Befürwortend,Befürwortend,Befürwortend,Befürwortend
489,2002-09-22,Stichfrage zu Goldinitiative und Gegenentwurf,Stichfrage,Wirtschaft,EFD,Vorzug für Gegenentwurf,Vorzug für Gegenentwurf,Vorzug für Gegenentwurf,Vorzug für Gegenentwurf
490,2002-09-22,Elektrizitätsmarktgesetz,Fakultatives Referendum,Energie,UVEK,Befürwortend,Befürwortend,Befürwortend,Befürwortend
491,2002-11-24,Initiative «gegen Asylrechtsmissbrauch»,Volksinitiative,Sozialpolitik,EJPD,Ablehnend,Ablehnend,Ablehnend,Ablehnend
492,2002-11-24,Arbeitslosenversicherungsgesetz,Fakultatives Referendum,Sozialpolitik,WBF,Befürwortend,Befürwortend,Befürwortend,Befürwortend
493,2003-02-09,Bundesbeschluss über die Änderung der Volksrechte,Obligatorisches Referendum,Staatsordnung,EJPD,Befürwortend,Befürwortend,Befürwortend,Befürwortend
494,2003-02-09,Gesetz über die kantonalen Beiträge an Spitalbehandlungen,Fakultatives Referendum,Sozialpolitik,EDI,Befürwortend,Befürwortend,Befürwortend,Befürwortend
495,2003-05-18,Armee XXI,Fakultatives Referendum,Sicherheitspolitik,VBS,Befürwortend,Befürwortend,Befürwortend,Befürwortend
496,2003-05-18,Gesetz über den Zivilschutz,Fakultatives Referendum,Sicherheitspolitik,VBS,Befürwortend,Befürwortend,Befürwortend,Befürwortend
497,2003-05-18,Initiative «Ja zu fairen Mieten»,Volksinitiative,Umwelt und Lebensraum,WBF,Ablehnend,Ablehnend,Ablehnend,Ablehnend
498,2003-05-18,Initiative «Für einen autofreien Sonntag pro Jahreszeit»,Volksinitiative,Verkehr und Infrastruktur,UVEK,Ablehnend,Ablehnend,Ablehnend,Ablehnend
499,2003-05-18,«Gesundheitsinitiative»,Volksinitiative,Sozialpolitik,EDI,Ablehnend,Ablehnend,Ablehnend,Ablehnend
500,2003-05-18,Initiative «Gleiche Rechte für Behinderte»,Volksinitiative,Sozialpolitik,EJPD,Ablehnend,Ablehnend,Ablehnend,Ablehnend
501,2003-05-18,Initiative «Strom ohne Atom»,Volksinitiative,Energie,UVEK,Ablehnend,Ablehnend,Ablehnend,Ablehnend
502,2003-05-18,Initiative «MoratoriumPlus»,Volksinitiative,Energie,UVEK,Ablehnend,Ablehnend,Ablehnend,Ablehnend
503,2003-05-18,«Lehrstellen-Initiative»,Volksinitiative,Bildung und Forschung,WBF,Ablehnend,Ablehnend,Ablehnend,Ablehnend
504,2004-02-08,Gegenentwurf zur Avanti-Initiative,Direkter Gegenentwurf,Verkehr und Infrastruktur,UVEK,Befürwortend,Befürwortend,Befürwortend,Befürwortend
505,2004-02-08,Änderung des Mietrechts,Fakultatives Referendum,Umwelt und Lebensraum,WBF,Befürwortend,Befürwortend,Befürwortend,Befürwortend
506,2004-02-08,Initiative für eine lebenslange Verwahrung für gefährliche Straftäter,Volksinitiative,Staatsordnung,EJPD,Ablehnend,Ablehnend,Ablehnend,Ablehnend
507,2004-05-16,11. AHV-Revision,Fakultatives Referendum,Sozialpolitik,EDI,Befürwortend,Befürwortend,Befürwortend,Befürwortend
508,2004-05-16,Anhebung der Mehrwertsteuer zu Gunsten von AHV und IV,Obligatorisches Referendum,Sozialpolitik,EDI,Befürwortend,Befürwortend,Befürwortend,Befürwortend
509,2004-05-16,Steuerpaket,Fakultatives Referendum,Öffentliche Finanzen,EFD,Befürwortend,Befürwortend,Befürwortend,Befürwortend
510,2004-09-26,Erleichterte Einbürgerung von Jugendlichen der zweiten Generation,Obligatorisches Referendum,Staatsordnung,EJPD,Befürwortend,Befürwortend,Befürwortend,Befürwortend
511,2004-09-26,Bürgerrechtserwerb für die dritte Generation,Obligatorisches Referendum,Staatsordnung,EJPD,Befürwortend,Befürwortend,Befürwortend,Befürwortend
512,2004-09-26,Initiative «Postdienst für alle»,Volksinitiative,Verkehr und Infrastruktur,UVEK,Ablehnend,Ablehnend,Ablehnend,Ablehnend
513,2004-09-26,Erwerbsersatz für Dienstleistende und bei Mutterschaft,Fakultatives Referendum,Sozialpolitik,EDI,Befürwortend,Befürwortend,Befürwortend,Befürwortend
514,2004-11-28,Neugestaltung Finanzausgleich,Obligatorisches Referendum,Staatsordnung,EFD,Befürwortend,Befürwortend,Befürwortend,Befürwortend
515,2004-11-28,Neue Finanzordnung,Obligatorisches Referendum,Öffentliche Finanzen,EFD,Befürwortend,Befürwortend,Befürwortend,Befürwortend
516,2004-11-28,Stammzellenforschungsgesetz,Fakultatives Referendum,Bildung und Forschung,EDI,Befürwortend,Befürwortend,Befürwortend,Befürwortend
517,2005-06-05,Abkommen zu Schengen und Dublin,Fakultatives Referendum,Aussenpolitik,EDA,Befürwortend,Befürwortend,Befürwortend,Befürwortend
518,2005-06-05,Gesetz über die eingetragene Partnerschaft gleichgeschlechtlicher Paare,Fakultatives Referendum,Staatsordnung,EJPD,Befürwortend,Befürwortend,Befürwortend,Befürwortend
519,2005-09-25,Ausdehnung der Personenfreizügigkeit auf die neuen EU-Staaten,Fakultatives Referendum,Aussenpolitik,EJPD,Befürwortend,Befürwortend,Befürwortend,Befürwortend
520,2005-11-27,Initiative «für Lebensmittel aus gentechnikfreier Landwirtschaft»,Volksinitiative,Landwirtschaft,WBF,Ablehnend,Ablehnend,Ablehnend,Ablehnend
521,2005-11-27,Arbeitsgesetz (Sonntagsarbeit),Fakultatives Referendum,Wirtschaft,WBF,Befürwortend,Befürwortend,Befürwortend,Befürwortend
522,2006-05-21,Neuordnung der Verfassungsbestimmungen zur Bildung,Obligatorisches Referendum,Bildung und Forschung,EDI,Befürwortend,Befürwortend,Befürwortend,Befürwortend
523,2006-09-24,Initiative «Nationalbankgewinne für die AHV»,Volksinitiative,Sozialpolitik,EFD,Ablehnend,Ablehnend,Ablehnend,Ablehnend
524,2006-09-24,Ausländergesetz,Fakultatives Referendum,Sozialpolitik,EJPD,Befürwortend,Befürwortend,Befürwortend,Befürwortend
525,2006-09-24,Asylgesetz,Fakultatives Referendum,Sozialpolitik,EJPD,Befürwortend,Befürwortend,Befürwortend,Befürwortend
526,2006-11-26,Gesetz über die Zusammenarbeit mit den Staaten Osteuropas,Fakultatives Referendum,Aussenpolitik,EDA,Befürwortend,Befürwortend,Befürwortend,Befürwortend
527,2006-11-26,Gesetz über die Familienzulagen,Fakultatives Referendum,Sozialpolitik,EDI,Befürwortend,Befürwortend,Befürwortend,Befürwortend
528,2007-03-11,Initiative für eine Einheitskrankenkasse,Volksinitiative,Sozialpolitik,EDI,Ablehnend,Ablehnend,Ablehnend,Ablehnend
529,2007-06-17,5. IV-Revision,Fakultatives Referendum,Sozialpolitik,EDI,Befürwortend,Befürwortend,Befürwortend,Befürwortend
530,2008-02-24,Initiative «Gegen Kampfjetlärm in Tourismusgebieten»,Volksinitiative,Umwelt und Lebensraum,VBS,Ablehnend,Ablehnend,Ablehnend,Ablehnend
531,2008-02-24,Unternehmenssteuerreform II,Fakultatives Referendum,Öffentliche Finanzen,EFD,Befürwortend,Befürwortend,Befürwortend,Befürwortend
532,2008-06-01,Initiative «Für demokratische Einbürgerungen»,Volksinitiative,Staatsordnung,EJPD,Ablehnend,Ablehnend,Ablehnend,Ablehnend
533,2008-06-01,Initiative «gegen Behördenprogaganda»,Volksinitiative,Staatsordnung,BK,Ablehnend,Ablehnend,Ablehnend,Ablehnend
534,2008-06-01,Verfassungsartikel zur Krankenversicherung,Direkter Gegenentwurf,Sozialpolitik,EDI,Befürwortend,Befürwortend,Befürwortend,Befürwortend
535,2008-11-30,Initiative für die Unverjährbarkeit pornografischer Straftaten an Kindern,Volksinitiative,Staatsordnung,EJPD,Ablehnend,Ablehnend,Ablehnend,Ablehnend
536,2008-11-30,Initiative «für ein flexibles AHV-Alter»,Volksinitiative,Sozialpolitik,EDI,Ablehnend,Ablehnend,Ablehnend,Ablehnend
537,2008-11-30,Verbandsbeschwerderechts-Initiative,Volksinitiative,Umwelt und Lebensraum,UVEK,Ablehnend,Ablehnend,Ablehnend,Ablehnend
538,2008-11-30,Initiative «für eine vernünftige Hanf-Politik»,Volksinitiative,Sozialpolitik,EDI,Ablehnend,Ablehnend,Ablehnend,Ablehnend
539,2008-11-30,Betäubungsmittelgesetz,Fakultatives Referendum,Sozialpolitik,EDI,Befürwortend,Befürwortend,Befürwortend,Befürwortend
540,2009-02-08,Weiterführung der Personenfreizügigkeit Schweiz–EU und Ausdehnung auf Bulgarien und Rumänien,Fakultatives Referendum,Aussenpolitik,EJPD,Befürwortend,Befürwortend,Befürwortend,Befürwortend
541,2009-05-17,Verfassungsartikel zur Komplementärmedizin,Direkter Gegenentwurf,Sozialpolitik,EDI,Befürwortend,Befürwortend,Befürwortend,Befürwortend
542,2009-05-17,Einführung des biometrischen Passes,Fakultatives Referendum,Staatsordnung,EJPD,Befürwortend,Befürwortend,Befürwortend,Befürwortend
543,2009-09-27,Zusatzfinanzierung der Invalidenversicherung,Obligatorisches Referendum,Sozialpolitik,EDI,Befürwortend,Befürwortend,Befürwortend,Befürwortend
544,2009-09-27,Verzicht auf die Einführung der allgemeinen Volksinitiative,Obligatorisches Referendum,Staatsordnung,EJPD,Befürwortend,Befürwortend,Befürwortend,Befürwortend
545,2009-11-29,Spezialfinanzierung für Aufgaben im Luftverkehr,Obligatorisches Referendum,Verkehr und Infrastruktur,UVEK,Befürwortend,Befürwortend,Befürwortend,Befürwortend
546,2009-11-29,Initiative «Für ein Verbot von Kriegsmaterial-Exporten»,Volksinitiative,Aussenpolitik,WBF,Ablehnend,Ablehnend,Ablehnend,Ablehnend
547,2009-11-29,Initiative «Gegen den Bau von Minaretten»,Volksinitiative,"Kultur, Religion, Medien",EJPD,Ablehnend,Ablehnend,Ablehnend,Ablehnend
548,2010-03-07,Verfassungsartikel über die Forschung am Menschen,Obligatorisches Referendum,Bildung und Forschung,EDI,Befürwortend,Befürwortend,Befürwortend,Befürwortend
549,2010-03-07,Tierschutzanwalt-Initiative,Volksinitiative,Umwelt und Lebensraum,WBF,Ablehnend,Ablehnend,Ablehnend,Ablehnend
550,2010-03-07,Berufliche Vorsorge: Anpassung des Mindestumwandlungssatzes,Fakultatives Referendum,Sozialpolitik,EDI,Befürwortend,Befürwortend,Befürwortend,Befürwortend
551,2010-09-26,Revision des Arbeitslosenversicherungsgesetzes,Fakultatives Referendum,Sozialpolitik,WBF,Befürwortend,Befürwortend,Befürwortend,Befürwortend
552,2010-11-28,Ausschaffungsinitiative,Volksinitiative,Sozialpolitik,EJPD,Ablehnend,Ablehnend,Ablehnend,Ablehnend
552,2010-11-28,Gegenentwurf zur Ausschaffungsinitiative,Direkter Gegenentwurf,Sozialpolitik,EJPD,Befürwortend,Befürwortend,Befürwortend,Befürwortend
552,2010-11-28,Stichfrage zu Ausschaffungsinitiative und Gegenentwurf,Stichfrage,Sozialpolitik,EJPD,Vorzug für Gegenentwurf,Vorzug für Gegenentwurf,Vorzug für Gegenentwurf,Vorzug für Gegenentwurf
553,2010-11-28,«Steuergerechtigkeits-Initiative»,Volksinitiative,Öffentliche Finanzen,EFD,Ablehnend,Ablehnend,Ablehnend,Ablehnend
554,2011-02-13,Initiative «Für den Schutz vor Waffengewalt»,Volksinitiative,Staatsordnung,EJPD,Ablehnend,Ablehnend,Ablehnend,Ablehnend
555,2012-03-11,Zweitwohnungsinitiative,Volksinitiative,Umwelt und Lebensraum,UVEK,Ablehnend,Ablehnend,Ablehnend,Ablehnend
556,2012-03-11,Initiative «Für ein steuerlich begünstigtes Bausparen»,Volksinitiative,Umwelt und Lebensraum,EFD,Ablehnend,Keine,Keine,Keine
557,2012-03-11,Initiative «6 Wochen Ferien für alle»,Volksinitiative,Wirtschaft,EJPD,Ablehnend,Ablehnend,Ablehnend,Ablehnend
558,2012-03-11,Regelung der Geldspiele zugunsten gemeinnütziger Zwecke,Direkter Gegenentwurf,Wirtschaft,EJPD,Befürwortend,Befürwortend,Befürwortend,Befürwortend
559,2012-03-11,Gesetz über die Buchpreisbindung,Fakultatives Referendum,"Kultur, Religion, Medien",WBF,Befürwortend,Befürwortend,Befürwortend,Befürwortend
560,2012-06-17,Initiative «Eigene vier Wände dank Bausparen»,Volksinitiative,Umwelt und Lebensraum,EFD,Ablehnend,Keine,Befürwortend,Ablehnend
561,2012-06-17,Initiative «Staatsverträge vors Volk!»,Volksinitiative,Aussenpolitik,EJPD,Ablehnend,Ablehnend,Ablehnend,Ablehnend
562,2012-06-17,Gesetz über die Krankenversicherung (Managed Care),Fakultatives Referendum,Sozialpolitik,EDI,Befürwortend,Befürwortend,Befürwortend,Befürwortend
563,2012-09-23,Bundesbeschluss über die Jugendmusikförderung,Direkter Gegenentwurf,Bildung und Forschung,EDI,Befürwortend,Befürwortend,Befürwortend,Befürwortend
564,2012-09-23,Initiative «Sicheres Wohnen im Alter»,Volksinitiative,Umwelt und Lebensraum,EFD,Ablehnend,Ablehnend,Ablehnend,Ablehnend
565,2012-09-23,Initiative «Schutz vor Passivrauchen»,Volksinitiative,Sozialpolitik,EDI,Ablehnend,Ablehnend,Ablehnend,Ablehnend
566,2012-11-25,Tierseuchengesetz,Fakultatives Referendum,Landwirtschaft,WBF,Befürwortend,Befürwortend,Befürwortend,Befürwortend
567,2013-03-03,Bundesbeschluss über die Familienpolitik,Obligatorisches Referendum,Sozialpolitik,EDI,Befürwortend,Befürwortend,Befürwortend,Befürwortend
568,2013-03-03,Initiative «gegen die Abzockerei»,Volksinitiative,Wirtschaft,EJPD,Ablehnend,Keine,Keine,Keine
569,2013-03-03,Raumplanungsgesetz,Fakultatives Referendum,Umwelt und Lebensraum,UVEK,Befürwortend,Befürwortend,Befürwortend,Befürwortend
570,2013-06-09,Initiative «Volkswahl des Bundesrates»,Volksinitiative,Staatsordnung,EJPD,Ablehnend,Ablehnend,Ablehnend,Ablehnend
571,2013-06-09,Asylgesetz,Fakultatives Referendum,Sozialpolitik,EJPD,Befürwortend,Befürwortend,Befürwortend,Befürwortend
572,2013-09-22,Initiative zur Aufhebung der Wehrpflicht,Volksinitiative,Sicherheitspolitik,VBS,Ablehnend,Ablehnend,Ablehnend,Ablehnend
573,2013-09-22,Epidemiengesetz,Fakultatives Referendum,Sozialpolitik,EDI,Befürwortend,Befürwortend,Befürwortend,Befürwortend
574,2013-09-22,Arbeitsgesetz (Öffnungszeiten von Tankstellenshops),Fakultatives Referendum,Wirtschaft,WBF,Befürwortend,Befürwortend,Befürwortend,Befürwortend
575,2013-11-24,Initiative «1:12 – Für gerechte Löhne»,Volksinitiative,Wirtschaft,WBF,Ablehnend,Ablehnend,Ablehnend,Ablehnend
576,2013-11-24,«Familieninitiative»,Volksinitiative,Sozialpolitik,EFD,Ablehnend,Ablehnend,Ablehnend,Ablehnend
577,2013-11-24,Änderung des Nationalstrassenabgabegesetzes (Autobahnvignette),Fakultatives Referendum,Verkehr und Infrastruktur,UVEK,Befürwortend,Befürwortend,Befürwortend,Befürwortend
578,2014-02-09,Finanzierung und Ausbau der Eisenbahninfrastruktur (FABI),Direkter Gegenentwurf,Verkehr und Infrastruktur,UVEK,Befürwortend,Befürwortend,Befürwortend,Befürwortend
579,2014-02-09,Initiative «Abtreibungsfinanzierung ist Privatsache»,Volksinitiative,Sozialpolitik,EDI,Ablehnend,Ablehnend,Ablehnend,Ablehnend
580,2014-02-09,Initiative «Gegen Masseneinwanderung»,Volksinitiative,Aussenpolitik,EJPD,Ablehnend,Ablehnend,Ablehnend,Ablehnend
581,2014-05-18,Bundesbeschluss über die medizinische Grundversorgung,Direkter Gegenentwurf,Sozialpolitik,EDI,Befürwortend,Befürwortend,Befürwortend,Befürwortend
582,2014-05-18,Initiative «Pädophile sollen nicht mehr mit Kindern arbeiten dürfen»,Volksinitiative,Staatsordnung,EJPD,Ablehnend,Keine,Befürwortend,Ablehnend
583,2014-05-18,«Mindestlohn-Initiative»,Volksinitiative,Wirtschaft,WBF,Ablehnend,Ablehnend,Ablehnend,Ablehnend
584,2014-05-18,Fonds zur Beschaffung des Kampfflugzeugs Gripen,Fakultatives Referendum,Sicherheitspolitik,VBS,Befürwortend,Befürwortend,Befürwortend,Befürwortend
585,2014-09-28,Initiative «Schluss mit der MwSt-Diskriminierung des Gastgewerbes!»,Volksinitiative,Öffentliche Finanzen,EFD,Ablehnend,Ablehnend,Ablehnend,Ablehnend
586,2014-09-28,Initiative «Für eine öffentliche Krankenkasse»,Volksinitiative,Sozialpolitik,EDI,Ablehnend,Ablehnend,Ablehnend,Ablehnend
587,2014-11-30,Initiative zur Abschaffung der Pauschalbesteuerung,Volksinitiative,Öffentliche Finanzen,EFD,Ablehnend,Ablehnend,Ablehnend,Ablehnend
588,2014-11-30,Initiative «Stopp der Überbevölkerung – zur Sicherung der natürlichen Lebensgrundlagen»,Volksinitiative,Sozialpolitik,EJPD,Ablehnend,Ablehnend,Ablehnend,Ablehnend
589,2014-11-30,Gold-Initiative,Volksinitiative,Wirtschaft,EFD,Ablehnend,Ablehnend,Ablehnend,Ablehnend
590,2015-03-08,Initiative für steuerfreie Kinderzulagen,Volksinitiative,Sozialpolitik,EFD,Ablehnend,Ablehnend,Ablehnend,Ablehnend
591,2015-03-08,Initiative «Energie- statt Mehrwertsteuer»,Volksinitiative,Öffentliche Finanzen,EFD,Ablehnend,Ablehnend,Ablehnend,Ablehnend
592,2015-06-14,Verfassungsbestimmung zur Fortpflanzungsmedizin und Gentechnologie im Humanbereich,Obligatorisches Referendum,Sozialpolitik,EDI,Befürwortend,Befürwortend,Befürwortend,Befürwortend
593,2015-06-14,Stipendieninitiative,Volksinitiative,Bildung und Forschung,WBF,Ablehnend,Ablehnend,Ablehnend,Ablehnend
594,2015-06-14,Initiative «Millionen-Erbschaften besteuern für unsere AHV»,Volksinitiative,Öffentliche Finanzen,EFD,Ablehnend,Ablehnend,Ablehnend,Ablehnend
595,2015-06-14,Radio- und Fernsehgesetz (Radio- und Fernsehabgabe),Fakultatives Referendum,"Kultur, Religion, Medien",UVEK,Befürwortend,Befürwortend,Befürwortend,Befürwortend
596,2016-02-28,Initiative «gegen die Heiratsstrafe»,Volksinitiative,Sozialpolitik,EFD,Ablehnend,Ablehnend,Ablehnend,Ablehnend
597,2016-02-28,«Durchsetzungsinitiative»,Volksinitiative,Sozialpolitik,EJPD,Ablehnend,Ablehnend,Ablehnend,Ablehnend
598,2016-02-28,Initiative «Keine Spekulation mit Nahrungsmitteln!»,Volksinitiative,Wirtschaft,WBF,Ablehnend,Ablehnend,Ablehnend,Ablehnend
599,2016-02-28,Sanierung Gotthard-Strassentunnel,Fakultatives Referendum,Verkehr und Infrastruktur,UVEK,Befürwortend,Befürwortend,Befürwortend,Befürwortend
600,2016-06-05,Initiative «Pro Service public»,Volksinitiative,Verkehr und Infrastruktur,UVEK,Ablehnend,Ablehnend,Ablehnend,Ablehnend
601,2016-06-05,Initiative «Für ein bedingungsloses Grundeinkommen»,Volksinitiative,Sozialpolitik,EDI,Ablehnend,Ablehnend,Ablehnend,Ablehnend
602,2016-06-05,Initiative «Für eine faire Verkehrsfinanzierung»,Volksinitiative,Verkehr und Infrastruktur,EFD,Ablehnend,Ablehnend,Ablehnend,Ablehnend
603,2016-06-05,Fortpflanzungsmedizingesetz,Fakultatives Referendum,Sozialpolitik,EDI,Befürwortend,Befürwortend,Befürwortend,Befürwortend
604,2016-06-05,Asylgesetz,Fakultatives Referendum,Sozialpolitik,EJPD,Befürwortend,Befürwortend,Befürwortend,Befürwortend
605,2016-09-25,Initiative «Grüne Wirtschaft»,Volksinitiative,Umwelt und Lebensraum,UVEK,Ablehnend,Ablehnend,Ablehnend,Ablehnend
606,2016-09-25,Initiative «AHVplus: für eine starke AHV»,Volksinitiative,Sozialpolitik,EDI,Ablehnend,Ablehnend,Ablehnend,Ablehnend
607,2016-09-25,Nachrichtendienstgesetz,Fakultatives Referendum,Sicherheitspolitik,VBS,Befürwortend,Befürwortend,Befürwortend,Befürwortend
608,2016-11-27,Atomausstiegsinitiative,Volksinitiative,Energie,UVEK,Ablehnend,Ablehnend,Ablehnend,Ablehnend
609,2017-02-12,Erleichterte Einbürgerung der dritten Ausländergeneration,Obligatorisches Referendum,Staatsordnung,EJPD,Befürwortend,Befürwortend,Befürwortend,Befürwortend
610,2017-02-12,Fonds für die Nationalstrassen und den Agglomerationsverkehr (NAF),Obligatorisches Referendum,Verkehr und Infrastruktur,UVEK,Befürwortend,Befürwortend,Befürwortend,Befürwortend
611,2017-02-12,Unternehmenssteuerreform III,Fakultatives Referendum,Öffentliche Finanzen,EFD,Befürwortend,Befürwortend,Befürwortend,Befürwortend
612,2017-05-21,Energiegesetz,Fakultatives Referendum,Energie,UVEK,Befürwortend,Befürwortend,Befürwortend,Befürwortend
613,2017-09-24,Bundesbeschluss über die Ernährungssicherheit,Direkter Gegenentwurf,Landwirtschaft,WBF,Befürwortend,Befürwortend,Befürwortend,Befürwortend
614,2017-09-24,Zusatzfinanzierung der AHV durch eine Erhöhung der Mehrwertsteuer,Obligatorisches Referendum,Sozialpolitik,EDI,Befürwortend,Befürwortend,Befürwortend,Befürwortend
615,2017-09-24,Reform der Altersvorsorge 2020,Fakultatives Referendum,Sozialpolitik,EDI,Befürwortend,Befürwortend,Befürwortend,Befürwortend
616,2018-03-04,Neue Finanzordnung 2021,Obligatorisches Referendum,Öffentliche Finanzen,EFD,Befürwortend,Befürwortend,Befürwortend,Befürwortend
617,2018-03-04,Initiative «Abschaffung der Billag-Gebühren»,Volksinitiative,"Kultur, Religion, Medien",UVEK,Ablehnend,Ablehnend,Ablehnend,Ablehnend
618,2018-06-10,Vollgeld-Initiative,Volksinitiative,Staatsordnung,EFD,Ablehnend,Ablehnend,Ablehnend,Ablehnend
619,2018-06-10,Geldspielgesetz,Fakultatives Referendum,Wirtschaft,EJPD,Befürwortend,Befürwortend,Befürwortend,Befürwortend
620,2018-09-23,Bundesbeschluss über die Velowege sowie die Fuss- und Wanderwege,Direkter Gegenentwurf,Verkehr und Infrastruktur,UVEK,Befürwortend,Befürwortend,Befürwortend,Befürwortend
621,2018-09-23,Fair-Food-Initiative,Volksinitiative,Landwirtschaft,WBF,Ablehnend,Ablehnend,Ablehnend,Ablehnend
622,2018-09-23,Initiative «Für Ernährungssouveränität»,Volksinitiative,Landwirtschaft,WBF,Ablehnend,Ablehnend,Ablehnend,Ablehnend
623,2018-11-25,Hornkuh-Initiative,Volksinitiative,Landwirtschaft,WBF,Ablehnend,Ablehnend,Ablehnend,Ablehnend
624,2018-11-25,Selbstbestimmungsinitiative,Volksinitiative,Staatsordnung,EJPD,Ablehnend,Ablehnend,Ablehnend,Ablehnend
625,2018-11-25,Gesetzliche Grundlage für die Überwachung von Versicherten,Fakultatives Referendum,Sozialpolitik,EDI,Befürwortend,Befürwortend,Befürwortend,Befürwortend
626,2019-02-10,Zersiedelungsinitiative,Volksinitiative,Umwelt und Lebensraum,UVEK,Ablehnend,Ablehnend,Ablehnend,Ablehnend
627,2019-05-19,Steuerreform und AHV-Finanzierung (STAF),Fakultatives Referendum,Öffentliche Finanzen,EFD,Befürwortend,Befürwortend,Befürwortend,Befürwortend
628,2019-05-19,Umsetzung der EU-Waffenrichtlinie,Fakultatives Referendum,Sicherheitspolitik,EJPD,Befürwortend,Befürwortend,Befürwortend,Befürwortend
629,2020-02-09,Initiative «Mehr bezahlbare Wohnungen»,Volksinitiative,Umwelt und Lebensraum,WBF,Ablehnend,Ablehnend,Ablehnend,Ablehnend
630,2020-02-09,Verbot der Diskriminierung aufgrund der sexuellen Orientierung,Fakultatives Referendum,Sozialpolitik,EJPD,Befürwortend,Befürwortend,Befürwortend,Befürwortend
631,2020-09-27,Begrenzungsinitiative,Volksinitiative,Aussenpolitik,EJPD,Ablehnend,Ablehnend,Ablehnend,Ablehnend
632,2020-09-27,Jagdgesetz,Fakultatives Referendum,Landwirtschaft,UVEK,Befürwortend,Befürwortend,Befürwortend,Befürwortend
633,2020-09-27,Erhöhung der steuerlichen Kinderabzüge,Fakultatives Referendum,Öffentliche Finanzen,EFD,Befürwortend,Befürwortend,Befürwortend,Befürwortend
634,2020-09-27,Vaterschaftsurlaub,Fakultatives Referendum,Sozialpolitik,EDI,Befürwortend,Befürwortend,Befürwortend,Befürwortend
635,2020-09-27,Beschaffung neuer Kampfflugzeuge,Fakultatives Referendum,Sicherheitspolitik,VBS,Befürwortend,Befürwortend,Befürwortend,Befürwortend
636,2020-11-29,Konzernverantwortungsinitiative,Volksinitiative,Wirtschaft,EJPD,Ablehnend,Ablehnend,Ablehnend,Ablehnend
637,2020-11-29,«Kriegsgeschäfte-Initiative»,Volksinitiative,Sicherheitspolitik,WBF,Ablehnend,Ablehnend,Ablehnend,Ablehnend
638,2021-03-07,Initiative für ein Verhüllungsverbot,Volksinitiative,Staatsordnung,EJPD,Ablehnend,Ablehnend,Ablehnend,Ablehnend
639,2021-03-07,Gesetz über elektronische Identifizierungsdienste,Fakultatives Referendum,Staatsordnung,EJPD,Befürwortend,Befürwortend,Befürwortend,Befürwortend
640,2021-03-07,Freihandelsabkommen mit Indonesien,Fakultatives Referendum,Aussenpolitik,WBF,Befürwortend,Befürwortend,Befürwortend,Befürwortend
641,2021-06-13,Trinkwasserinitiative,Volksinitiative,Umwelt und Lebensraum,WBF,Ablehnend,Ablehnend,Ablehnend,Ablehnend
642,2021-06-13,Pestizidinitiative,Volksinitiative,Umwelt und Lebensraum,WBF,Ablehnend,Ablehnend,Ablehnend,Ablehnend
643,2021-06-13,Covid-19-Gesetz,Fakultatives Referendum,Sozialpolitik,BK,Befürwortend,Befürwortend,Befürwortend,Befürwortend
644,2021-06-13,CO2-Gesetz,Fakultatives Referendum,Umwelt und Lebensraum,UVEK,Befürwortend,Befürwortend,Befürwortend,Befürwortend
645,2021-06-13,Gesetz über polizeiliche Massnahmen gegen Terrorismus,Fakultatives Referendum,Sicherheitspolitik,EJPD,Befürwortend,Befürwortend,Befürwortend,Befürwortend
646,2021-09-26,«99%-Initiative»,Volksinitiative,Öffentliche Finanzen,EFD,Ablehnend,Ablehnend,Ablehnend,Ablehnend
647,2021-09-26,Ehe für alle,Fakultatives Referendum,Sozialpolitik,EJPD,Befürwortend,Befürwortend,Befürwortend,Befürwortend
648,2021-11-28,Pflegeinitiative,Volksinitiative,Sozialpolitik,EDI,Ablehnend,Ablehnend,Ablehnend,Ablehnend
649,2021-11-28,Justizinitiative,Volksinitiative,Staatsordnung,EJPD,Ablehnend,Ablehnend,Ablehnend,Ablehnend
650,2021-11-28,Änderung des Covid-19-Gesetzes (2. Revision),Fakultatives Referendum,Sozialpolitik,EFD,Befürwortend,Befürwortend,Befürwortend,Befürwortend
651,2022-02-13,Initiative für ein Verbot von Tier- und Menschenversuchen,Volksinitiative,Bildung und Forschung,EDI,Ablehnend,Ablehnend,Ablehnend,Ablehnend
652,2022-02-13,Initiative «Kinder und Jugendliche ohne Tabakwerbung»,Volksinitiative,Sozialpolitik,EDI,Ablehnend,Ablehnend,Ablehnend,Ablehnend
653,2022-02-13,Gesetz über die Stempelabgaben,Fakultatives Referendum,Öffentliche Finanzen,EFD,Befürwortend,Befürwortend,Befürwortend,Befürwortend
654,2022-02-13,Medienpaket,Fakultatives Referendum,"Kultur, Religion, Medien",UVEK,Befürwortend,Befürwortend,Befürwortend,Befürwortend
655,2022-05-15,Änderung des Filmgesetzes,Fakultatives Referendum,"Kultur, Religion, Medien",EDI,Befürwortend,Befürwortend,Befürwortend,Befürwortend
656,2022-05-15,Widerspruchsregelung bei der Organspende,Fakultatives Referendum,Sozialpolitik,EDI,Befürwortend,Befürwortend,Befürwortend,Befürwortend
657,2022-05-15,Beteiligung an der europäischen Grenz- und Küstenwache Frontex,Fakultatives Referendum,Aussenpolitik,EFD,Befürwortend,Befürwortend,Befürwortend,Befürwortend
658,2022-09-25,Massentierhaltungsinitiative,Volksinitiative,Landwirtschaft,EDI,Ablehnend,Ablehnend,Ablehnend,Ablehnend
659,2022-09-25,Erhöhung der Mehrwertsteuer zugunsten der AHV,Obligatorisches Referendum,Sozialpolitik,EDI,Befürwortend,Befürwortend,Befürwortend,Befürwortend
660,2022-09-25,AHV-Gesetz (AHV 21),Fakultatives Referendum,Sozialpolitik,EDI,Befürwortend,Befürwortend,Befürwortend,Befürwortend
661,2022-09-25,Verrechnungssteuergesetz,Fakultatives Referendum,Öffentliche Finanzen,EFD,Befürwortend,Befürwortend,Befürwortend,Befürwortend
662,2023-06-18,OECD-Mindeststeuer für Unternehmen,Obligatorisches Referendum,Öffentliche Finanzen,EFD,Befürwortend,Befürwortend,Befürwortend,Befürwortend
663,2023-06-18,Klimagesetz,Fakultatives Referendum,Umwelt und Lebensraum,UVEK,Befürwortend,Befürwortend,Befürwortend,Befürwortend
664,2023-06-18,Änderung des Covid-19-Gesetzes (5. Revision),Fakultatives Referendum,Sozialpolitik,EDI,Befürwortend,Befürwortend,Befürwortend,Befürwortend
665,2024-03-03,Initiative für eine 13. AHV-Rente,Volksinitiative,Sozialpolitik,EDI,Ablehnend,Ablehnend,Ablehnend,Ablehnend
666,2024-03-03,Renteninitiative,Volksinitiative,Sozialpolitik,EDI,Ablehnend,Ablehnend,Ablehnend,Ablehnend
667,2024-06-09,Prämien-Entlastungs-Initiative,Volksinitiative,Sozialpolitik,EDI,Ablehnend,Ablehnend,Ablehnend,Ablehnend
668,2024-06-09,Initiative für eine Kostenbremse im Gesundheitswesen,Volksinitiative,Sozialpolitik,EDI,Ablehnend,Ablehnend,Ablehnend,Ablehnend
669,2024-06-09,Initiative «Für Freiheit und körperliche Unversehrtheit»,Volksinitiative,Staatsordnung,EDI,Ablehnend,Ablehnend,Ablehnend,Ablehnend
670,2024-06-09,Stromgesetz (Mantelerlass Energie),Fakultatives Referendum,Energie,UVEK,Befürwortend,Befürwortend,Befürwortend,Befürwortend
671,2024-09-22,Biodiversitäts-Initiative,Volksinitiative,Umwelt und Lebensraum,UVEK,Ablehnend,Ablehnend,Ablehnend,Ablehnend
672,2024-09-22,Reform der beruflichen Vorsorge,Fakultatives Referendum,Sozialpolitik,EDI,Befürwortend,Befürwortend,Befürwortend,Befürwortend
673,2024-11-24,Ausbau des Autobahnnetzes,Fakultatives Referendum,Verkehr und Infrastruktur,UVEK,Befürwortend,Befürwortend,Befürwortend,Befürwortend
674,2024-11-24,Bedingungen für Untermiete,Fakultatives Referendum,Umwelt und Lebensraum,WBF,Befürwortend,Befürwortend,Befürwortend,Befürwortend
675,2024-11-24,Kündigung wegen Eigenbedarfs (Mietrecht),Fakultatives Referendum,Umwelt und Lebensraum,WBF,Befürwortend,Befürwortend,Befürwortend,Befürwortend
676,2024-11-24,Einheitliche Finanzierung ambulanter und stationärer Leistungen (EFAS),Fakultatives Referendum,Sozialpolitik,EDI,Befürwortend,Befürwortend,Befürwortend,Befürwortend
